diffvisit,Female,age,timediag,chaq_score,RF_pos,private,treatment_group,Jadas0,Jadas6
211,1,13.76334444,104,0,0,1,0,2,0
211,1,11.52932641,141,0.125,1,1,1,2,2
147,0,5.4,20,0,0,1,0,16.1,10.1
155,1,16.3,187,0.375,0,1,1,6,13.4
171,1,13,49,0.625,0,1,0,4,9.3
154,1,12.1,258,2.375,0,0,0,8,1
189,1,9.322687438,115,0.375,1,1,1,34,NA
206,1,6.1,109,0,0,1,0,5,0
150,1,11.50479932,101,0,0,1,0,7,0
133,1,9.4,35,1.5,0,1,0,NA,NA
147,1,10.9,59,NA,1,1,0,NA,1
NA,1,17,56,0.75,0,1,0,16,NA
175,1,10.4,133,0.75,0,1,0,9,23
NA,1,10.7,28,0.75,0,1,0,17.6,NA
158,1,15.5,49,0,0,1,0,3,5
228,1,2.9,151,1,0,0,0,0,14
NA,1,10.9890411,70,0.875,0,1,0,14,NA
140,1,16,112,0.25,0,0,0,11,18
245,0,7.4,14,1.125,0,0,0,16.6,10
245,1,11.5,84,0.25,0,1,0,2,2
205,0,5.341542491,57,0.25,0,1,0,4,12
217,1,2,83,0,0,1,0,33,5
224,0,2.5,215,0,0,0,0,8.3,4.3
154,1,11.37803904,47,0.375,0,1,0,13,11
126,1,2.3,168,0.125,0,0,0,4,2
207,1,12.5,49,0,0,1,0,3,4
140,1,5.383561644,78,2.375,0,0,1,34.9,24
210,1,15.7,56,0.25,0,1,0,6.8,0.5
125,0,9.945205479,31,1,0,1,0,17.8,14.5
140,1,10.43287671,35,0.5,0,1,0,10,13
133,0,6.956050228,42,0.625,0,1,0,10.9,8
NA,0,16.28518496,42,0,0,0,0,7,NA
159,1,14.69315068,198,0.375,0,1,1,35.3,15
NA,1,16.6,53,0,1,1,1,11,NA
227,1,11.22477169,119,0,0,1,0,9,12.2
147,1,15.92054795,111,0,0,1,0,9,10
242,1,14.01369863,71,0.375,0,1,0,15,NA
133,1,4.389041096,25,0.875,0,1,0,17.4,4
189,1,10.35465022,98,0.125,0,0,0,4.5,3
147,1,9.534246575,31,1,0,1,0,13.5,8
182,0,8.819178082,112,0,0,1,1,3.5,1.5
177,1,13.10958904,81,1.375,0,0,1,30,14
203,1,4.158789954,35,2.125,0,1,1,41.6,1.5
129,0,11.46289954,55,0.625,0,1,1,27.2,3.5
126,1,12.67123288,112,0.125,0,1,1,12,5.5
210,0,2.816438356,57,0.25,0,0,1,NA,2.5
175,1,6.232876712,28,0.25,1,1,0,NA,0
163,0,2.141043279,28,0.25,0,0,0,12.7,11.5
136,0,13.89863014,48,0.25,0,1,0,29,13
NA,1,5.026694045,43,NA,0,NA,1,NA,NA
182,1,4.934239068,14,0.25,0,1,1,8,4.5
123,0,13.13150685,56,0,0,1,0,5,3
147,1,11.98929478,63,2.25,1,1,1,21.3,19.3
145,0,16.32351566,21,1.25,1,1,1,22,3.5
154,1,7.203547415,63,2.375,0,1,1,NA,17.5
147,1,13.5664433,203,0,0,1,0,5.5,2
161,1,8.334303009,119,0.5,0,1,1,2.5,10
119,1,16.41112868,70,1,0,1,0,6.6,13
189,1,10.9406764,108,0,0,1,0,5,2
175,1,10.87781862,77,0,0,1,0,7.5,0
217,1,8.12337009,55,1.5,0,1,0,8.5,0
266,1,12.16999665,21,2.75,1,0,0,20.5,20
189,0,6.171128314,119,0.125,0,1,0,0,0
157,1,15.37049586,42,0.125,1,1,0,11.5,1.5
225,1,2.204015141,90,0,0,1,1,NA,NA
147,1,12.05226664,28,0.875,0,1,1,14,0
196,1,11.47719209,0,0,1,1,1,9.5,0
161,1,9.538753933,49,2.75,0,0,0,12.5,4
140,1,15.11872249,35,2,0,1,0,33.5,2
125,1,2.685772694,182,0,0,1,0,9.6,3
161,0,6.420277852,63,0,0,1,0,0,2
168,1,16.12901018,50,1.875,1,1,1,17.5,12
147,1,11.39790687,65,0.25,0,0,0,20.5,6
NA,1,12.17273455,38,1.75,0,0,1,29.2,NA
462,0,9.582560445,48,2.5,0,1,1,28.5,10
NA,1,11.65241814,179,0,0,0,0,9,NA
144,1,2.494233283,143,1,0,1,1,15,13
188,1,14.92980691,46,0.625,1,0,1,24,0
147,0,11.0173378,112,0.375,0,1,1,8,7
NA,1,16.87908262,0,1.5,1,1,0,10,NA
200,0,5.010369823,98,0.125,0,0,0,17.2,2.5
175,0,5.7358011,45,0,0,1,0,37.5,29
236,1,2.904805255,63,0.125,0,1,0,6.1,1
169,1,4.139829474,21,0,0,1,0,9,9.5
140,1,13.71976609,28,0,1,0,1,34.8,0.5
130,1,9.14746139,14,0,0,0,0,NA,NA
182,1,7.151527182,61,1.5,0,1,1,15,1
196,0,11.64169467,123,0.25,0,1,1,12.5,2.5
136,0,6.973449147,175,2.625,0,0,0,36,17
134,1,15.4829782,91,0.5,1,1,0,13.9,18.5
153,0,14.52733458,53,1.375,0,1,0,16,3
147,0,12.71484014,56,0.675,0,1,1,20,1.5
239,1,2.370913389,96,0.125,0,NA,1,3.3,10
133,1,9.087113356,49,0,0,1,0,NA,1
134,1,8.87355661,41,0.5,0,1,0,10,24
189,1,6.40385041,0,0,0,1,0,13,1
133,1,14.92980691,84,0.125,0,1,0,1.5,2.5
122,0,8.405374511,0,0.375,0,1,0,14.5,5
